202411202050101,3歳二,2024-11-20,12:20,8回浦和3日目,205,1,2024,NULL,NULL,NULL,1400,ダート,左,曇,NULL,良,2024-11-21 14:59:15,ダ左1400m / 天候 : 曇 / ダート : 良 / 発走 : 12:20
202411202050102,ランチタイムチャレン(C3),2024-11-20,12:50,8回浦和3日目,205,2,2024,NULL,NULL,NULL,1400,ダート,左,曇,NULL,良,2024-11-21 14:59:15,ダ左1400m / 天候 : 曇 / ダート : 良 / 発走 : 12:50
202411202050103,2歳五,2024-11-20,13:20,8回浦和3日目,205,3,2024,NULL,NULL,NULL,1400,ダート,左,曇,NULL,良,2024-11-21 14:59:15,ダ左1400m / 天候 : 曇 / ダート : 良 / 発走 : 13:20
202411202050104,2歳四,2024-11-20,13:50,8回浦和3日目,205,4,2024,NULL,NULL,NULL,1400,ダート,左,曇,NULL,良,2024-11-21 14:59:15,ダ左1400m / 天候 : 曇 / ダート : 良 / 発走 : 13:50
202411202050105,C2七　八九(C2八),2024-11-20,14:20,8回浦和3日目,205,5,2024,NULL,NULL,NULL,1500,ダート,左,曇,NULL,良,2024-11-21 14:59:15,ダ左1500m / 天候 : 曇 / ダート : 良 / 発走 : 14:20
202411202050106,C2七　八九(C2八),2024-11-20,14:50,8回浦和3日目,205,6,2024,NULL,NULL,NULL,1500,ダート,左,曇,NULL,良,2024-11-21 14:59:15,ダ左1500m / 天候 : 曇 / ダート : 良 / 発走 : 14:50
202411202050107,埼玉県畜産懇話会長賞(C2八),2024-11-20,15:25,8回浦和3日目,205,7,2024,NULL,NULL,NULL,1400,ダート,左,曇,NULL,良,2024-11-21 14:59:15,ダ左1400m / 天候 : 曇 / ダート : 良 / 発走 : 15:25
202411202050108,埼玉県養鶏協会長賞特(C2),2024-11-20,16:00,8回浦和3日目,205,8,2024,NULL,NULL,NULL,1400,ダート,左,曇,NULL,良,2024-11-21 14:59:15,ダ左1400m / 天候 : 曇 / ダート : 良 / 発走 : 16:00
202411202050109,埼玉県畜産会長賞特別(B3C1),2024-11-20,16:35,8回浦和3日目 (ハンデ),205,9,2024,NULL,NULL,NULL,800,ダート,左,曇,NULL,良,2024-11-21 14:59:15,ダ左800m / 天候 : 曇 / ダート : 良 / 発走 : 16:35
202411202050110,全国植樹祭開催200(B2B3),2024-11-20,17:10,8回浦和3日目 (ハンデ),205,10,2024,NULL,NULL,NULL,1500,ダート,左,雨,NULL,良,2024-11-21 14:59:15,ダ左1500m / 天候 : 雨 / ダート : 良 / 発走 : 17:10
202411202050111,第45回浦和記念[指定交流](JpnII),2024-11-20,17:45,8回浦和3日目 (別定),205,11,2024,NULL,NULL,NULL,2000,ダート,左,雨,NULL,稍重,2024-11-21 14:59:15,ダ左2000m / 天候 : 雨 / ダート : 稍重 / 発走 : 17:45
202411202050112,埼玉県肉用牛経営者協(C1),2024-11-20,18:20,8回浦和3日目,205,12,2024,NULL,NULL,NULL,800,ダート,左,雨,NULL,稍重,2024-11-21 14:59:15,ダ左800m / 天候 : 雨 / ダート : 稍重 / 発走 : 18:20
202411202110101,C28組,2024-11-20,14:35,18回名古屋1日目 (馬齢),211,1,2024,NULL,NULL,NULL,920,ダート,右,曇,NULL,良,2024-11-21 14:59:15,ダ右920m / 天候 : 曇 / ダート : 良 / 発走 : 14:35
202411202110102,C27組,2024-11-20,15:05,18回名古屋1日目 (馬齢),211,2,2024,NULL,NULL,NULL,1500,ダート,右,曇,NULL,良,2024-11-21 14:59:15,ダ右1500m / 天候 : 曇 / ダート : 良 / 発走 : 15:05
202411202110103,C26組,2024-11-20,15:40,18回名古屋1日目 (馬齢),211,3,2024,NULL,NULL,NULL,1500,ダート,右,曇,NULL,良,2024-11-21 14:59:15,ダ右1500m / 天候 : 曇 / ダート : 良 / 発走 : 15:40
202411202110104,C25組,2024-11-20,16:15,18回名古屋1日目 (馬齢),211,4,2024,NULL,NULL,NULL,1500,ダート,右,曇,NULL,良,2024-11-21 14:59:15,ダ右1500m / 天候 : 曇 / ダート : 良 / 発走 : 16:15
202411202110105,2歳2組,2024-11-20,16:50,18回名古屋1日目 (馬齢),211,5,2024,NULL,NULL,NULL,1500,ダート,右,曇,NULL,良,2024-11-21 14:59:15,ダ右1500m / 天候 : 曇 / ダート : 良 / 発走 : 16:50
202411202110106,C24組,2024-11-20,17:25,18回名古屋1日目 (馬齢),211,6,2024,NULL,NULL,NULL,1500,ダート,右,曇,NULL,良,2024-11-21 14:59:15,ダ右1500m / 天候 : 曇 / ダート : 良 / 発走 : 17:25
202411202110107,C23組,2024-11-20,18:00,18回名古屋1日目 (馬齢),211,7,2024,NULL,NULL,NULL,1400,ダート,右,曇,NULL,良,2024-11-21 14:59:15,ダ右1400m / 天候 : 曇 / ダート : 良 / 発走 : 18:00
202411202110108,C22組,2024-11-20,18:35,18回名古屋1日目 (馬齢),211,8,2024,NULL,NULL,NULL,1400,ダート,右,曇,NULL,良,2024-11-21 14:59:15,ダ右1400m / 天候 : 曇 / ダート : 良 / 発走 : 18:35
202411202110109,2歳特別,2024-11-20,19:10,18回名古屋1日目 (馬齢),211,9,2024,NULL,NULL,NULL,1500,ダート,右,曇,NULL,良,2024-11-21 14:59:15,ダ右1500m / 天候 : 曇 / ダート : 良 / 発走 : 19:10
202411202110110,ピーコック特別(B),2024-11-20,19:45,18回名古屋1日目 (馬齢),211,10,2024,NULL,NULL,NULL,1500,ダート,右,曇,NULL,良,2024-11-21 14:59:15,ダ右1500m / 天候 : 曇 / ダート : 良 / 発走 : 19:45
202411202110111,くじゃく座特別(B),2024-11-20,20:15,18回名古屋1日目 (馬齢),211,11,2024,NULL,NULL,NULL,1700,ダート,右,曇,NULL,良,2024-11-21 14:59:15,ダ右1700m / 天候 : 曇 / ダート : 良 / 発走 : 20:15
202411202110112,向寒特別(AB),2024-11-20,20:50,18回名古屋1日目 (馬齢),211,12,2024,NULL,NULL,NULL,1700,ダート,右,曇,NULL,良,2024-11-21 14:59:15,ダ右1700m / 天候 : 曇 / ダート : 良 / 発走 : 20:50
202411202120101,C3四,2024-11-20,10:40,18回園田5日目 (馬齢),212,1,2024,NULL,NULL,NULL,1400,ダート,右,晴,NULL,良,2024-11-21 14:59:15,ダ右1400m / 天候 : 晴 / ダート : 良 / 発走 : 10:40
202411202120102,2歳未勝利,2024-11-20,11:10,18回園田5日目 (馬齢),212,2,2024,NULL,NULL,NULL,1230,ダート,右,晴,NULL,良,2024-11-21 14:59:15,ダ右1230m / 天候 : 晴 / ダート : 良 / 発走 : 11:10
202411202120103,2歳130万円以下,2024-11-20,11:40,18回園田5日目 (馬齢),212,3,2024,NULL,NULL,NULL,1400,ダート,右,晴,NULL,良,2024-11-21 14:59:15,ダ右1400m / 天候 : 晴 / ダート : 良 / 発走 : 11:40
202411202120104,財部7ハロンC3三,2024-11-20,12:10,18回園田5日目 (馬齢),212,4,2024,NULL,NULL,NULL,1400,ダート,右,晴,NULL,良,2024-11-21 14:59:15,ダ右1400m / 天候 : 晴 / ダート : 良 / 発走 : 12:10
202411202120105,金会7ハロンC3二,2024-11-20,12:40,18回園田5日目 (馬齢),212,5,2024,NULL,NULL,NULL,1400,ダート,右,晴,NULL,良,2024-11-21 14:59:15,ダ右1400m / 天候 : 晴 / ダート : 良 / 発走 : 12:40
202411202120106,C3一,2024-11-20,13:10,18回園田5日目 (馬齢),212,6,2024,NULL,NULL,NULL,1400,ダート,右,晴,NULL,良,2024-11-21 14:59:15,ダ右1400m / 天候 : 晴 / ダート : 良 / 発走 : 13:10
202411202120107,C2二,2024-11-20,13:40,18回園田5日目 (馬齢),212,7,2024,NULL,NULL,NULL,1400,ダート,右,晴,NULL,良,2024-11-21 14:59:15,ダ右1400m / 天候 : 晴 / ダート : 良 / 発走 : 13:40
202411202120108,C2一,2024-11-20,14:10,18回園田5日目 (馬齢),212,8,2024,NULL,NULL,NULL,1400,ダート,右,晴,NULL,良,2024-11-21 14:59:15,ダ右1400m / 天候 : 晴 / ダート : 良 / 発走 : 14:10
202411202120109,B2二,2024-11-20,14:40,18回園田5日目 (馬齢),212,9,2024,NULL,NULL,NULL,1400,ダート,右,晴,NULL,良,2024-11-21 14:59:15,ダ右1400m / 天候 : 晴 / ダート : 良 / 発走 : 14:40
202411202120110,つむらのたまご特別B(B2),2024-11-20,15:15,18回園田5日目 (馬齢),212,10,2024,NULL,NULL,NULL,1400,ダート,右,晴,NULL,良,2024-11-21 14:59:15,ダ右1400m / 天候 : 晴 / ダート : 良 / 発走 : 15:15
202411202120111,吉川温泉よかたん特別(AB),2024-11-20,15:50,18回園田5日目 (別定),212,11,2024,NULL,NULL,NULL,820,ダート,右,晴,NULL,良,2024-11-21 14:59:15,ダ右820m / 天候 : 晴 / ダート : 良 / 発走 : 15:50
202411202120112,サザンカ賞C1,2024-11-20,16:30,18回園田5日目 (馬齢),212,12,2024,NULL,NULL,NULL,820,ダート,右,晴,NULL,良,2024-11-21 14:59:15,ダ右820m / 天候 : 晴 / ダート : 良 / 発走 : 16:30
202411192040101,C2三組,2024-11-19,12:05,7回水沢3日目,204,1,2024,NULL,NULL,NULL,1400,ダート,右,晴,NULL,稍重,2024-11-21 14:59:15,ダ右1400m / 天候 : 晴 / ダート : 稍重 / 発走 : 12:05
202411192040102,C2二組,2024-11-19,12:35,7回水沢3日目,204,2,2024,NULL,NULL,NULL,1400,ダート,右,晴,NULL,稍重,2024-11-21 14:59:15,ダ右1400m / 天候 : 晴 / ダート : 稍重 / 発走 : 12:35
202411192040103,C2一組,2024-11-19,13:10,7回水沢3日目,204,3,2024,NULL,NULL,NULL,1400,ダート,右,晴,NULL,稍重,2024-11-21 14:59:15,ダ右1400m / 天候 : 晴 / ダート : 稍重 / 発走 : 13:10
202411192040104,2歳C1二組,2024-11-19,13:45,7回水沢3日目,204,4,2024,NULL,NULL,NULL,1400,ダート,右,晴,NULL,稍重,2024-11-21 14:59:15,ダ右1400m / 天候 : 晴 / ダート : 稍重 / 発走 : 13:45
202411192040105,2歳C1一組,2024-11-19,14:15,7回水沢3日目,204,5,2024,NULL,NULL,NULL,1400,ダート,右,晴,NULL,稍重,2024-11-21 14:59:15,ダ右1400m / 天候 : 晴 / ダート : 稍重 / 発走 : 14:15
202411192040106,B1B2混合,2024-11-19,14:45,7回水沢3日目,204,6,2024,NULL,NULL,NULL,1400,ダート,右,晴,NULL,稍重,2024-11-21 14:59:15,ダ右1400m / 天候 : 晴 / ダート : 稍重 / 発走 : 14:45
202411192040107,B1四組B2一組混合(B1B2),2024-11-19,15:20,7回水沢3日目,204,7,2024,NULL,NULL,NULL,1600,ダート,右,晴,NULL,稍重,2024-11-21 14:59:15,ダ右1600m / 天候 : 晴 / ダート : 稍重 / 発走 : 15:20
202411192040108,B1,2024-11-19,15:55,7回水沢3日目,204,8,2024,NULL,NULL,NULL,850,ダート,右,晴,NULL,稍重,2024-11-21 14:59:15,ダ右850m / 天候 : 晴 / ダート : 稍重 / 発走 : 15:55
202411192040109,B1,2024-11-19,16:30,7回水沢3日目,204,9,2024,NULL,NULL,NULL,850,ダート,右,晴,NULL,稍重,2024-11-21 14:59:15,ダ右850m / 天候 : 晴 / ダート : 稍重 / 発走 : 16:30
202411192040110,B2四組,2024-11-19,17:05,7回水沢3日目,204,10,2024,NULL,NULL,NULL,1600,ダート,右,晴,NULL,稍重,2024-11-21 14:59:15,ダ右1600m / 天候 : 晴 / ダート : 稍重 / 発走 : 17:05
202411192040111,社台スタリオンステー(B2),2024-11-19,17:40,7回水沢3日目,204,11,2024,NULL,NULL,NULL,1600,ダート,右,晴,NULL,稍重,2024-11-21 14:59:15,ダ右1600m / 天候 : 晴 / ダート : 稍重 / 発走 : 17:40
202411192040112,夢・希望未来へ前進(B2),2024-11-19,18:15,7回水沢3日目,204,12,2024,NULL,NULL,NULL,1600,ダート,右,晴,NULL,稍重,2024-11-21 14:59:15,ダ右1600m / 天候 : 晴 / ダート : 稍重 / 発走 : 18:15
202411192050101,2歳三,2024-11-19,12:20,8回浦和2日目,205,1,2024,NULL,NULL,NULL,1400,ダート,左,晴,NULL,良,2024-11-21 14:59:15,ダ左1400m / 天候 : 晴 / ダート : 良 / 発走 : 12:20
202411192050102,ランチタイムチャレン(C3),2024-11-19,12:50,8回浦和2日目,205,2,2024,NULL,NULL,NULL,1400,ダート,左,晴,NULL,良,2024-11-21 14:59:15,ダ左1400m / 天候 : 晴 / ダート : 良 / 発走 : 12:50
202411192050103,2歳二,2024-11-19,13:20,8回浦和2日目,205,3,2024,NULL,NULL,NULL,1400,ダート,左,晴,NULL,良,2024-11-21 14:59:15,ダ左1400m / 天候 : 晴 / ダート : 良 / 発走 : 13:20
202411192050104,浦和800ラウンド(2歳),2024-11-19,13:50,8回浦和2日目,205,4,2024,NULL,NULL,NULL,800,ダート,左,晴,NULL,良,2024-11-21 14:59:15,ダ左800m / 天候 : 晴 / ダート : 良 / 発走 : 13:50
202411192050105,特選(3歳),2024-11-19,14:20,8回浦和2日目,205,5,2024,NULL,NULL,NULL,1500,ダート,左,晴,NULL,良,2024-11-21 14:59:15,ダ左1500m / 天候 : 晴 / ダート : 良 / 発走 : 14:20
202411192050106,C3三　四,2024-11-19,14:50,8回浦和2日目,205,6,2024,NULL,NULL,NULL,1500,ダート,左,晴,NULL,良,2024-11-21 14:59:15,ダ左1500m / 天候 : 晴 / ダート : 良 / 発走 : 14:50
202411192050107,上州和牛賞(C2),2024-11-19,15:25,8回浦和2日目,205,7,2024,NULL,NULL,NULL,1400,ダート,左,晴,NULL,良,2024-11-21 14:59:15,ダ左1400m / 天候 : 晴 / ダート : 良 / 発走 : 15:25
202411192050108,東毛酪農63℃賞特別(C2C3),2024-11-19,16:00,8回浦和2日目 (別定),205,8,2024,NULL,NULL,NULL,2000,ダート,左,晴,NULL,良,2024-11-21 14:59:15,ダ左2000m / 天候 : 晴 / ダート : 良 / 発走 : 16:00
202411192050109,高崎ハム賞特別(C2),2024-11-19,16:35,8回浦和2日目,205,9,2024,NULL,NULL,NULL,1500,ダート,左,晴,NULL,良,2024-11-21 14:59:15,ダ左1500m / 天候 : 晴 / ダート : 良 / 発走 : 16:35
202411192050110,群馬県畜産協会長賞特(C1),2024-11-19,17:10,8回浦和2日目,205,10,2024,NULL,NULL,NULL,1400,ダート,左,晴,NULL,良,2024-11-21 14:59:15,ダ左1400m / 天候 : 晴 / ダート : 良 / 発走 : 17:10
202411192050111,’24まがたま賞(A2),2024-11-19,17:45,8回浦和2日目 (別定),205,11,2024,NULL,NULL,NULL,1400,ダート,左,晴,NULL,良,2024-11-21 14:59:15,ダ左1400m / 天候 : 晴 / ダート : 良 / 発走 : 17:45
202411192050112,神楽月特別(B2B3),2024-11-19,18:20,8回浦和2日目 (別定),205,12,2024,NULL,NULL,NULL,2000,ダート,左,晴,NULL,良,2024-11-21 14:59:15,ダ左2000m / 天候 : 晴 / ダート : 良 / 発走 : 18:20
202411192090101,永い間お疲れ様!平野(C1特別),2024-11-19,11:50,17回金沢5日目 (定量),209,1,2024,NULL,NULL,NULL,1400,ダート,右,曇,NULL,不良,2024-11-21 14:59:15,ダ右1400m / 天候 : 曇 / ダート : 不良 / 発走 : 11:50
202411192090102,C117　特別編成(C1特別),2024-11-19,12:25,17回金沢5日目 (定量),209,2,2024,NULL,NULL,NULL,1500,ダート,右,曇,NULL,不良,2024-11-21 14:59:15,ダ右1500m / 天候 : 曇 / ダート : 不良 / 発走 : 12:25
202411192090103,C116　特別編成(C1特別),2024-11-19,13:00,17回金沢5日目 (定量),209,3,2024,NULL,NULL,NULL,1400,ダート,右,曇,NULL,不良,2024-11-21 14:59:15,ダ右1400m / 天候 : 曇 / ダート : 不良 / 発走 : 13:00
202411192090104,C115　特別編成(C1特別),2024-11-19,13:40,17回金沢5日目 (定量),209,4,2024,NULL,NULL,NULL,1500,ダート,右,晴,NULL,不良,2024-11-21 14:59:15,ダ右1500m / 天候 : 晴 / ダート : 不良 / 発走 : 13:40
202411192090105,とおるの地方競馬ほぼ(C1特別),2024-11-19,14:15,17回金沢5日目 (定量),209,5,2024,NULL,NULL,NULL,900,ダート,右,晴,NULL,重,2024-11-21 14:59:15,ダ右900m / 天候 : 晴 / ダート : 重 / 発走 : 14:15
202411192090106,C113　特別編成(C1特別),2024-11-19,14:55,17回金沢5日目 (定量),209,6,2024,NULL,NULL,NULL,1500,ダート,右,晴,NULL,重,2024-11-21 14:59:15,ダ右1500m / 天候 : 晴 / ダート : 重 / 発走 : 14:55
202411192090107,C112　特別編成(C1特別),2024-11-19,15:35,17回金沢5日目 (定量),209,7,2024,NULL,NULL,NULL,1400,ダート,右,晴,NULL,重,2024-11-21 14:59:15,ダ右1400m / 天候 : 晴 / ダート : 重 / 発走 : 15:35
202411192090108,B29,2024-11-19,16:10,17回金沢5日目 (定量),209,8,2024,NULL,NULL,NULL,1500,ダート,右,晴,NULL,重,2024-11-21 14:59:15,ダ右1500m / 天候 : 晴 / ダート : 重 / 発走 : 16:10
202411192090109,能登半島地震復興応援(B2),2024-11-19,16:45,17回金沢5日目 (定量),209,9,2024,NULL,NULL,NULL,1400,ダート,右,晴,NULL,重,2024-11-21 14:59:15,ダ右1400m / 天候 : 晴 / ダート : 重 / 発走 : 16:45
202411192090110,安全で公正な競馬場作(B2),2024-11-19,17:20,17回金沢5日目 (定量),209,10,2024,NULL,NULL,NULL,1500,ダート,右,晴,NULL,重,2024-11-21 14:59:15,ダ右1500m / 天候 : 晴 / ダート : 重 / 発走 : 17:20
202411192090111,楽天競馬でポイント投(A1),2024-11-19,17:55,17回金沢5日目 (見込),209,11,2024,NULL,NULL,NULL,1400,ダート,右,晴,NULL,重,2024-11-21 14:59:15,ダ右1400m / 天候 : 晴 / ダート : 重 / 発走 : 17:55
202411192090112,第27回金沢ヤングチャンピオ(重賞),2024-11-19,18:30,17回金沢5日目 (別定),209,12,2024,NULL,NULL,NULL,1700,ダート,右,晴,NULL,重,2024-11-21 14:59:15,ダ右1700m / 天候 : 晴 / ダート : 重 / 発走 : 18:30
202411192100101,笠松デビュー馬未勝利(2歳),2024-11-19,10:30,13回笠松3日目 (馬齢),210,1,2024,NULL,NULL,NULL,800,ダート,右,晴,NULL,良,2024-11-21 14:59:15,ダ右800m / 天候 : 晴 / ダート : 良 / 発走 : 10:30
202411192100102,2歳3組,2024-11-19,11:00,13回笠松3日目 (馬齢),210,2,2024,NULL,NULL,NULL,1400,ダート,右,晴,NULL,良,2024-11-21 14:59:15,ダ右1400m / 天候 : 晴 / ダート : 良 / 発走 : 11:00
202411192100103,C5組,2024-11-19,11:30,13回笠松3日目 (馬齢),210,3,2024,NULL,NULL,NULL,1400,ダート,右,晴,NULL,良,2024-11-21 14:59:15,ダ右1400m / 天候 : 晴 / ダート : 良 / 発走 : 11:30
202411192100104,2歳2組,2024-11-19,12:00,13回笠松3日目 (馬齢),210,4,2024,NULL,NULL,NULL,1400,ダート,右,晴,NULL,良,2024-11-21 14:59:15,ダ右1400m / 天候 : 晴 / ダート : 良 / 発走 : 12:00
202411192100105,小町娘特別(2歳),2024-11-19,12:30,13回笠松3日目 (馬齢),210,5,2024,NULL,NULL,NULL,1400,ダート,右,晴,NULL,良,2024-11-21 14:59:15,ダ右1400m / 天候 : 晴 / ダート : 良 / 発走 : 12:30
202411192100106,ゆんちゃんお誕生日記(C),2024-11-19,13:05,13回笠松3日目 (馬齢),210,6,2024,NULL,NULL,NULL,1400,ダート,右,晴,NULL,良,2024-11-21 14:59:15,ダ右1400m / 天候 : 晴 / ダート : 良 / 発走 : 13:05
202411192100107,B8・C3組(BC),2024-11-19,13:35,13回笠松3日目 (別定),210,7,2024,NULL,NULL,NULL,1400,ダート,右,晴,NULL,良,2024-11-21 14:59:15,ダ右1400m / 天候 : 晴 / ダート : 良 / 発走 : 13:35
202411192100108,B7組,2024-11-19,14:05,13回笠松3日目 (馬齢),210,8,2024,NULL,NULL,NULL,1600,ダート,右,晴,NULL,良,2024-11-21 14:59:15,ダ右1600m / 天候 : 晴 / ダート : 良 / 発走 : 14:05
202411192100109,美姫賞(C),2024-11-19,14:40,13回笠松3日目 (馬齢),210,9,2024,NULL,NULL,NULL,1400,ダート,右,晴,NULL,良,2024-11-21 14:59:15,ダ右1400m / 天候 : 晴 / ダート : 良 / 発走 : 14:40
202411192100110,楚々特別(C),2024-11-19,15:10,13回笠松3日目 (別定),210,10,2024,NULL,NULL,NULL,1600,ダート,右,晴,NULL,良,2024-11-21 14:59:15,ダ右1600m / 天候 : 晴 / ダート : 良 / 発走 : 15:10
202411192100111,第11回ラブミーチャン記念(重賞),2024-11-19,15:45,13回笠松3日目 牝(別定),210,11,2024,NULL,NULL,NULL,1600,ダート,右,晴,NULL,良,2024-11-21 14:59:15,ダ右1600m / 天候 : 晴 / ダート : 良 / 発走 : 15:45
202411192100112,C級サバイバル,2024-11-19,16:20,13回笠松3日目 (馬齢),210,12,2024,NULL,NULL,NULL,1400,ダート,右,晴,NULL,良,2024-11-21 14:59:15,ダ右1400m / 天候 : 晴 / ダート : 良 / 発走 : 16:20
202411192120101,C3三,2024-11-19,10:40,18回園田4日目 (馬齢),212,1,2024,NULL,NULL,NULL,1400,ダート,右,曇,NULL,稍重,2024-11-21 14:59:15,ダ右1400m / 天候 : 曇 / ダート : 稍重 / 発走 : 10:40
202411192120102,NewBeginni(初出),2024-11-19,11:10,18回園田4日目 (馬齢),212,2,2024,NULL,NULL,NULL,1400,ダート,右,曇,NULL,稍重,2024-11-21 14:59:15,ダ右1400m / 天候 : 曇 / ダート : 稍重 / 発走 : 11:10
202411192120103,C3二,2024-11-19,11:40,18回園田4日目 (馬齢),212,3,2024,NULL,NULL,NULL,1400,ダート,右,曇,NULL,稍重,2024-11-21 14:59:15,ダ右1400m / 天候 : 曇 / ダート : 稍重 / 発走 : 11:40
202411192120104,口銀谷7ハロンC3一,2024-11-19,12:10,18回園田4日目 (馬齢),212,4,2024,NULL,NULL,NULL,1400,ダート,右,曇,NULL,稍重,2024-11-21 14:59:15,ダ右1400m / 天候 : 曇 / ダート : 稍重 / 発走 : 12:10
202411192120105,田路スプリントC3,2024-11-19,12:40,18回園田4日目 (馬齢),212,5,2024,NULL,NULL,NULL,1230,ダート,右,曇,NULL,稍重,2024-11-21 14:59:15,ダ右1230m / 天候 : 曇 / ダート : 稍重 / 発走 : 12:40
202411192120106,C2二,2024-11-19,13:10,18回園田4日目 (馬齢),212,6,2024,NULL,NULL,NULL,1400,ダート,右,曇,NULL,稍重,2024-11-21 14:59:15,ダ右1400m / 天候 : 曇 / ダート : 稍重 / 発走 : 13:10
202411192120107,C2一,2024-11-19,13:40,18回園田4日目 (馬齢),212,7,2024,NULL,NULL,NULL,1400,ダート,右,曇,NULL,稍重,2024-11-21 14:59:15,ダ右1400m / 天候 : 曇 / ダート : 稍重 / 発走 : 13:40
202411192120108,C1二,2024-11-19,14:10,18回園田4日目 (馬齢),212,8,2024,NULL,NULL,NULL,1400,ダート,右,曇,NULL,稍重,2024-11-21 14:59:15,ダ右1400m / 天候 : 曇 / ダート : 稍重 / 発走 : 14:10
202411192120109,C1一,2024-11-19,14:40,18回園田4日目 (馬齢),212,9,2024,NULL,NULL,NULL,1400,ダート,右,曇,NULL,稍重,2024-11-21 14:59:15,ダ右1400m / 天候 : 曇 / ダート : 稍重 / 発走 : 14:40
202411192120110,B2,2024-11-19,15:15,18回園田4日目 (馬齢),212,10,2024,NULL,NULL,NULL,1230,ダート,右,晴,NULL,稍重,2024-11-21 14:59:15,ダ右1230m / 天候 : 晴 / ダート : 稍重 / 発走 : 15:15
202411192120111,朝来市岩津ねぎ特別B(B1),2024-11-19,15:50,18回園田4日目 (馬齢),212,11,2024,NULL,NULL,NULL,1400,ダート,右,晴,NULL,稍重,2024-11-21 14:59:15,ダ右1400m / 天候 : 晴 / ダート : 稍重 / 発走 : 15:50
202411192120112,C2,2024-11-19,16:30,18回園田4日目 (馬齢),212,12,2024,NULL,NULL,NULL,820,ダート,右,晴,NULL,稍重,2024-11-21 14:59:15,ダ右820m / 天候 : 晴 / ダート : 稍重 / 発走 : 16:30
202411182040101,C2,2024-11-18,11:45,7回水沢2日目,204,1,2024,NULL,NULL,NULL,850,ダート,右,曇,NULL,稍重,2024-11-21 14:59:15,ダ右850m / 天候 : 曇 / ダート : 稍重 / 発走 : 11:45
202411182040102,C2,2024-11-18,12:15,7回水沢2日目,204,2,2024,NULL,NULL,NULL,850,ダート,右,晴,NULL,稍重,2024-11-21 14:59:15,ダ右850m / 天候 : 晴 / ダート : 稍重 / 発走 : 12:15
202411182040103,C2六組,2024-11-18,12:45,7回水沢2日目,204,3,2024,NULL,NULL,NULL,1300,ダート,右,曇,NULL,稍重,2024-11-21 14:59:15,ダ右1300m / 天候 : 曇 / ダート : 稍重 / 発走 : 12:45
202411182040104,C2五組,2024-11-18,13:20,7回水沢2日目,204,4,2024,NULL,NULL,NULL,1300,ダート,右,曇,NULL,稍重,2024-11-21 14:59:15,ダ右1300m / 天候 : 曇 / ダート : 稍重 / 発走 : 13:20
202411182040105,C2四組,2024-11-18,14:00,7回水沢2日目,204,5,2024,NULL,NULL,NULL,1300,ダート,右,曇,NULL,稍重,2024-11-21 14:59:15,ダ右1300m / 天候 : 曇 / ダート : 稍重 / 発走 : 14:00
202411182040106,2歳B2,2024-11-18,14:35,7回水沢2日目,204,6,2024,NULL,NULL,NULL,1400,ダート,右,小雨,NULL,稍重,2024-11-21 14:59:15,ダ右1400m / 天候 : 小雨 / ダート : 稍重 / 発走 : 14:35
202411182040107,B2,2024-11-18,15:10,7回水沢2日目,204,7,2024,NULL,NULL,NULL,1400,ダート,右,小雨,NULL,稍重,2024-11-21 14:59:15,ダ右1400m / 天候 : 小雨 / ダート : 稍重 / 発走 : 15:10
202411182040108,B2,2024-11-18,15:45,7回水沢2日目,204,8,2024,NULL,NULL,NULL,1400,ダート,右,雨,NULL,稍重,2024-11-21 14:59:15,ダ右1400m / 天候 : 雨 / ダート : 稍重 / 発走 : 15:45
202411182040109,B1B2混合,2024-11-18,16:20,7回水沢2日目,204,9,2024,NULL,NULL,NULL,850,ダート,右,雨,NULL,稍重,2024-11-21 14:59:15,ダ右850m / 天候 : 雨 / ダート : 稍重 / 発走 : 16:20
202411182040110,アレキサンドライト賞(B1),2024-11-18,16:55,7回水沢2日目,204,10,2024,NULL,NULL,NULL,1400,ダート,右,小雨,NULL,稍重,2024-11-21 14:59:15,ダ右1400m / 天候 : 小雨 / ダート : 稍重 / 発走 : 16:55
202411182040111,ビッグレッドファーム(B1),2024-11-18,17:30,7回水沢2日目,204,11,2024,NULL,NULL,NULL,1400,ダート,右,小雨,NULL,稍重,2024-11-21 14:59:15,ダ右1400m / 天候 : 小雨 / ダート : 稍重 / 発走 : 17:30
202411182040112,ノベンバーカップ(B2),2024-11-18,18:10,7回水沢2日目 (定量),204,12,2024,NULL,NULL,NULL,1400,ダート,右,小雨,NULL,稍重,2024-11-21 14:59:15,ダ右1400m / 天候 : 小雨 / ダート : 稍重 / 発走 : 18:10
202411182050101,浦和800ラウンド(3歳),2024-11-18,12:20,8回浦和1日目,205,1,2024,NULL,NULL,NULL,800,ダート,左,曇,NULL,良,2024-11-21 14:59:15,ダ左800m / 天候 : 曇 / ダート : 良 / 発走 : 12:20
202411182050102,ランチタイムチャレン(C3),2024-11-18,12:50,8回浦和1日目,205,2,2024,NULL,NULL,NULL,1400,ダート,左,曇,NULL,良,2024-11-21 14:59:15,ダ左1400m / 天候 : 曇 / ダート : 良 / 発走 : 12:50
202411182050103,ドリームチャレンジ(2歳),2024-11-18,13:20,8回浦和1日目 (定量),205,3,2024,NULL,NULL,NULL,1400,ダート,左,曇,NULL,良,2024-11-21 14:59:15,ダ左1400m / 天候 : 曇 / ダート : 良 / 発走 : 13:20
202411182050104,C2三　四五(C2四),2024-11-18,13:50,8回浦和1日目,205,4,2024,NULL,NULL,NULL,1500,ダート,左,晴,NULL,良,2024-11-21 14:59:15,ダ左1500m / 天候 : 晴 / ダート : 良 / 発走 : 13:50
202411182050105,ドリームチャレンジ(2歳),2024-11-18,14:20,8回浦和1日目 (定量),205,5,2024,NULL,NULL,NULL,1400,ダート,左,晴,NULL,良,2024-11-21 14:59:15,ダ左1400m / 天候 : 晴 / ダート : 良 / 発走 : 14:20
202411182050106,C3五　六,2024-11-18,14:50,8回浦和1日目,205,6,2024,NULL,NULL,NULL,1400,ダート,左,晴,NULL,良,2024-11-21 14:59:15,ダ左1400m / 天候 : 晴 / ダート : 良 / 発走 : 14:50
202411182050107,C2三　四五(C2四),2024-11-18,15:25,8回浦和1日目,205,7,2024,NULL,NULL,NULL,1500,ダート,左,晴,NULL,良,2024-11-21 14:59:15,ダ左1500m / 天候 : 晴 / ダート : 良 / 発走 : 15:25
202411182050108,浦和エイトチャレンジ(C2四),2024-11-18,16:00,8回浦和1日目,205,8,2024,NULL,NULL,NULL,1400,ダート,左,晴,NULL,良,2024-11-21 14:59:15,ダ左1400m / 天候 : 晴 / ダート : 良 / 発走 : 16:00
202411182050109,C1六,2024-11-18,16:35,8回浦和1日目,205,9,2024,NULL,NULL,NULL,1400,ダート,左,晴,NULL,良,2024-11-21 14:59:15,ダ左1400m / 天候 : 晴 / ダート : 良 / 発走 : 16:35
202411182050110,トパーズ特別(C1),2024-11-18,17:10,8回浦和1日目,205,10,2024,NULL,NULL,NULL,1500,ダート,左,晴,NULL,良,2024-11-21 14:59:15,ダ左1500m / 天候 : 晴 / ダート : 良 / 発走 : 17:10
202411182050111,栃木県畜産協会長賞特(B3),2024-11-18,17:45,8回浦和1日目,205,11,2024,NULL,NULL,NULL,1400,ダート,左,晴,NULL,良,2024-11-21 14:59:15,ダ左1400m / 天候 : 晴 / ダート : 良 / 発走 : 17:45
202411182050112,栃木県馬事畜産振興協(C3),2024-11-18,18:20,8回浦和1日目 (別定),205,12,2024,NULL,NULL,NULL,2000,ダート,左,晴,NULL,良,2024-11-21 14:59:15,ダ左2000m / 天候 : 晴 / ダート : 良 / 発走 : 18:20
202411182090101,能登半島地震復興応援(C1特別),2024-11-18,11:50,17回金沢4日目 (定量),209,1,2024,NULL,NULL,NULL,1400,ダート,右,曇,NULL,不良,2024-11-21 14:59:15,ダ右1400m / 天候 : 曇 / ダート : 不良 / 発走 : 11:50
202411182090102,C16　特別編成(C1特別),2024-11-18,12:25,17回金沢4日目 (定量),209,2,2024,NULL,NULL,NULL,1500,ダート,右,曇,NULL,不良,2024-11-21 14:59:15,ダ右1500m / 天候 : 曇 / ダート : 不良 / 発走 : 12:25
202411182090103,ワイズ生誕&ワイズ化(C1特別),2024-11-18,13:00,17回金沢4日目 (定量),209,3,2024,NULL,NULL,NULL,1400,ダート,右,曇,NULL,不良,2024-11-21 14:59:15,ダ右1400m / 天候 : 曇 / ダート : 不良 / 発走 : 13:00
202411182090104,プリムラ賞(2歳以下),2024-11-18,13:35,17回金沢4日目 牝(馬齢),209,4,2024,NULL,NULL,NULL,1500,ダート,右,曇,NULL,不良,2024-11-21 14:59:15,ダ右1500m / 天候 : 曇 / ダート : 不良 / 発走 : 13:35
202411182090105,C14　特別編成(C1特別),2024-11-18,14:15,17回金沢4日目 (定量),209,5,2024,NULL,NULL,NULL,1400,ダート,右,曇,NULL,不良,2024-11-21 14:59:15,ダ右1400m / 天候 : 曇 / ダート : 不良 / 発走 : 14:15
202411182090106,C13　特別編成(C1特別),2024-11-18,14:55,17回金沢4日目 (定量),209,6,2024,NULL,NULL,NULL,1500,ダート,右,雨,NULL,不良,2024-11-21 14:59:15,ダ右1500m / 天候 : 雨 / ダート : 不良 / 発走 : 14:55
202411182090107,C12　特別編成(C1特別),2024-11-18,15:35,17回金沢4日目 (定量),209,7,2024,NULL,NULL,NULL,1400,ダート,右,雨,NULL,不良,2024-11-21 14:59:15,ダ右1400m / 天候 : 雨 / ダート : 不良 / 発走 : 15:35
202411182090108,B26,2024-11-18,16:10,17回金沢4日目 (定量),209,8,2024,NULL,NULL,NULL,1400,ダート,右,雨,NULL,不良,2024-11-21 14:59:15,ダ右1400m / 天候 : 雨 / ダート : 不良 / 発走 : 16:10
202411182090109,B25,2024-11-18,16:45,17回金沢4日目 (定量),209,9,2024,NULL,NULL,NULL,1500,ダート,右,雨,NULL,不良,2024-11-21 14:59:15,ダ右1500m / 天候 : 雨 / ダート : 不良 / 発走 : 16:45
202411182090110,コエビソウ賞(B2以下),2024-11-18,17:20,17回金沢4日目 牝(定量),209,10,2024,NULL,NULL,NULL,1400,ダート,右,雨,NULL,不良,2024-11-21 14:59:15,ダ右1400m / 天候 : 雨 / ダート : 不良 / 発走 : 17:20
202411182090111,金沢競馬C1プレミア,2024-11-18,17:55,17回金沢4日目 (定量),209,11,2024,NULL,NULL,NULL,1500,ダート,右,雨,NULL,不良,2024-11-21 14:59:15,ダ右1500m / 天候 : 雨 / ダート : 不良 / 発走 : 17:55
202411182090112,楽天ポイントでネット(A1),2024-11-18,18:30,17回金沢4日目 (別定),209,12,2024,NULL,NULL,NULL,1700,ダート,右,雨,NULL,不良,2024-11-21 14:59:15,ダ右1700m / 天候 : 雨 / ダート : 不良 / 発走 : 18:30
202411182100101,C9組,2024-11-18,10:30,13回笠松2日目 (馬齢),210,1,2024,NULL,NULL,NULL,1400,ダート,右,晴,NULL,良,2024-11-21 14:59:15,ダ右1400m / 天候 : 晴 / ダート : 良 / 発走 : 10:30
202411182100102,C8組,2024-11-18,11:05,13回笠松2日目 (馬齢),210,2,2024,NULL,NULL,NULL,1400,ダート,右,晴,NULL,良,2024-11-21 14:59:15,ダ右1400m / 天候 : 晴 / ダート : 良 / 発走 : 11:05
202411182100103,C7組,2024-11-18,11:35,13回笠松2日目 (馬齢),210,3,2024,NULL,NULL,NULL,1400,ダート,右,晴,NULL,良,2024-11-21 14:59:15,ダ右1400m / 天候 : 晴 / ダート : 良 / 発走 : 11:35
202411182100104,C6組,2024-11-18,12:05,13回笠松2日目 (馬齢),210,4,2024,NULL,NULL,NULL,1600,ダート,右,晴,NULL,良,2024-11-21 14:59:15,ダ右1600m / 天候 : 晴 / ダート : 良 / 発走 : 12:05
202411182100105,GO!早川釘打ち凱旋(B),2024-11-18,12:35,13回笠松2日目 (馬齢),210,5,2024,NULL,NULL,NULL,1400,ダート,右,晴,NULL,良,2024-11-21 14:59:15,ダ右1400m / 天候 : 晴 / ダート : 良 / 発走 : 12:35
202411182100106,B5組,2024-11-18,13:10,13回笠松2日目 (馬齢),210,6,2024,NULL,NULL,NULL,1400,ダート,右,晴,NULL,良,2024-11-21 14:59:15,ダ右1400m / 天候 : 晴 / ダート : 良 / 発走 : 13:10
202411182100107,B4組,2024-11-18,13:40,13回笠松2日目 (馬齢),210,7,2024,NULL,NULL,NULL,1400,ダート,右,晴,NULL,良,2024-11-21 14:59:15,ダ右1400m / 天候 : 晴 / ダート : 良 / 発走 : 13:40
202411182100108,A5・B3組(AB),2024-11-18,14:10,13回笠松2日目 (別定),210,8,2024,NULL,NULL,NULL,1400,ダート,右,晴,NULL,良,2024-11-21 14:59:15,ダ右1400m / 天候 : 晴 / ダート : 良 / 発走 : 14:10
202411182100109,ヤマモミジ特別(A),2024-11-18,14:45,13回笠松2日目 (馬齢),210,9,2024,NULL,NULL,NULL,1400,ダート,右,晴,NULL,良,2024-11-21 14:59:15,ダ右1400m / 天候 : 晴 / ダート : 良 / 発走 : 14:45
202411182100110,イロハモミジ特別(A),2024-11-18,15:20,13回笠松2日目 (馬齢),210,10,2024,NULL,NULL,NULL,1600,ダート,右,晴,NULL,良,2024-11-21 14:59:15,ダ右1600m / 天候 : 晴 / ダート : 良 / 発走 : 15:20
202411182100111,オオモミジ特別(A),2024-11-18,15:55,13回笠松2日目 (別定),210,11,2024,NULL,NULL,NULL,1600,ダート,右,晴,NULL,良,2024-11-21 14:59:15,ダ右1600m / 天候 : 晴 / ダート : 良 / 発走 : 15:55
202411182100112,B級サバイバル,2024-11-18,16:25,13回笠松2日目 (馬齢),210,12,2024,NULL,NULL,NULL,1400,ダート,右,晴,NULL,良,2024-11-21 14:59:15,ダ右1400m / 天候 : 晴 / ダート : 良 / 発走 : 16:25
202411182150101,チャレンジシリーズ(C2),2024-11-18,14:40,15回佐賀3日目 (馬齢),215,1,2024,NULL,NULL,NULL,1400,ダート,右,晴,NULL,良,2024-11-21 14:59:15,ダ右1400m / 天候 : 晴 / ダート : 良 / 発走 : 14:40
202411182150102,C2ー15組,2024-11-18,15:15,15回佐賀3日目 (馬齢),215,2,2024,NULL,NULL,NULL,1400,ダート,右,曇,NULL,良,2024-11-21 14:59:15,ダ右1400m / 天候 : 曇 / ダート : 良 / 発走 : 15:15
202411182150103,C2ー14組,2024-11-18,15:50,15回佐賀3日目 (馬齢),215,3,2024,NULL,NULL,NULL,1400,ダート,右,曇,NULL,良,2024-11-21 14:59:15,ダ右1400m / 天候 : 曇 / ダート : 良 / 発走 : 15:50
202411182150104,2歳ー4組,2024-11-18,16:25,15回佐賀3日目 (馬齢),215,4,2024,NULL,NULL,NULL,1300,ダート,右,曇,NULL,良,2024-11-21 14:59:15,ダ右1300m / 天候 : 曇 / ダート : 良 / 発走 : 16:25
202411182150105,C2ー13組,2024-11-18,17:00,15回佐賀3日目 (馬齢),215,5,2024,NULL,NULL,NULL,1300,ダート,右,曇,NULL,良,2024-11-21 14:59:15,ダ右1300m / 天候 : 曇 / ダート : 良 / 発走 : 17:00
202411182150106,KYUSHUDREA(2歳),2024-11-18,17:35,15回佐賀3日目 (馬齢),215,6,2024,NULL,NULL,NULL,1400,ダート,右,曇,NULL,良,2024-11-21 14:59:15,ダ右1400m / 天候 : 曇 / ダート : 良 / 発走 : 17:35
202411182150107,C1ー7組,2024-11-18,18:05,15回佐賀3日目 (馬齢),215,7,2024,NULL,NULL,NULL,1400,ダート,右,曇,NULL,良,2024-11-21 14:59:15,ダ右1400m / 天候 : 曇 / ダート : 良 / 発走 : 18:05
202411182150108,ほとめきナイター賞(B),2024-11-18,18:40,15回佐賀3日目 (馬齢),215,8,2024,NULL,NULL,NULL,1400,ダート,右,曇,NULL,良,2024-11-21 14:59:15,ダ右1400m / 天候 : 曇 / ダート : 良 / 発走 : 18:40
202411182150109,神楽月賞(A2),2024-11-18,19:10,15回佐賀3日目 (馬齢),215,9,2024,NULL,NULL,NULL,1400,ダート,右,曇,NULL,良,2024-11-21 14:59:15,ダ右1400m / 天候 : 曇 / ダート : 良 / 発走 : 19:10
202411182150110,トパーズ特選(C1),2024-11-18,19:40,15回佐賀3日目 (馬齢),215,10,2024,NULL,NULL,NULL,1750,ダート,右,曇,NULL,良,2024-11-21 14:59:15,ダ右1750m / 天候 : 曇 / ダート : 良 / 発走 : 19:40
202411182150111,サフラン特別(B),2024-11-18,20:15,15回佐賀3日目 (別定),215,11,2024,NULL,NULL,NULL,1400,ダート,右,曇,NULL,良,2024-11-21 14:59:15,ダ右1400m / 天候 : 曇 / ダート : 良 / 発走 : 20:15
202411182150112,SAGAリベンジャー(C2),2024-11-18,20:50,15回佐賀3日目 (馬齢),215,12,2024,NULL,NULL,NULL,1400,ダート,右,曇,NULL,良,2024-11-21 14:59:15,ダ右1400m / 天候 : 曇 / ダート : 良 / 発走 : 20:50
202411182020101,第二回セツコ来場記念,2024-11-18,14:30,16回帯広(ば)6日目 140万円未満 (規定),202,1,2024,NULL,NULL,NULL,200,NULL,NULL,晴,NULL,NULL,2024-11-21 14:59:15,00200m / 天候 : 晴 /  / 発走 : 14:30
202411182020102,夜伽フレイヤ生誕記念(2歳),2024-11-18,15:05,16回帯広(ば)6日目 (規定),202,2,2024,NULL,NULL,NULL,200,NULL,NULL,晴,NULL,NULL,2024-11-21 14:59:15,00200m / 天候 : 晴 /  / 発走 : 15:05
202411182020103,まき誕生日おめでとう(2歳),2024-11-18,15:40,16回帯広(ば)6日目 (規定),202,3,2024,NULL,NULL,NULL,200,NULL,NULL,晴,NULL,NULL,2024-11-21 14:59:15,00200m / 天候 : 晴 /  / 発走 : 15:40
202411182020104,もっと好き!菜々20(2歳),2024-11-18,16:15,16回帯広(ば)6日目 (規定),202,4,2024,NULL,NULL,NULL,200,NULL,NULL,晴,NULL,NULL,2024-11-21 14:59:15,00200m / 天候 : 晴 /  / 発走 : 16:15
202411182020105,瀬川稜君生誕1万日記,2024-11-18,16:45,16回帯広(ば)6日目 240万円未満 (規定),202,5,2024,NULL,NULL,NULL,200,NULL,NULL,晴,NULL,NULL,2024-11-21 14:59:15,00200m / 天候 : 晴 /  / 発走 : 16:45
202411182020106,52歳!第1回闇斗杯,2024-11-18,17:15,16回帯広(ば)6日目 (規定),202,6,2024,NULL,NULL,NULL,200,NULL,NULL,晴,NULL,NULL,2024-11-21 14:59:15,00200m / 天候 : 晴 /  / 発走 : 17:15
202411182020107,カズ&ルイ結婚10周,2024-11-18,17:50,16回帯広(ば)6日目 240万円未満 (規定),202,7,2024,NULL,NULL,NULL,200,NULL,NULL,晴,NULL,NULL,2024-11-21 14:59:15,00200m / 天候 : 晴 /  / 発走 : 17:50
202411182020108,あすみんが錦糸町に,2024-11-18,18:25,16回帯広(ば)6日目 330万円未満 (規定),202,8,2024,NULL,NULL,NULL,200,NULL,NULL,晴,NULL,NULL,2024-11-21 14:59:15,00200m / 天候 : 晴 /  / 発走 : 18:25
202411182020109,祝澤本さん御定年記念,2024-11-18,18:55,16回帯広(ば)6日目 450万円未満 (規定),202,9,2024,NULL,NULL,NULL,200,NULL,NULL,晴,NULL,NULL,2024-11-21 14:59:15,00200m / 天候 : 晴 /  / 発走 : 18:55
202411182020110,第9回もりのたまご記,2024-11-18,19:25,16回帯広(ば)6日目 450万円未満 (規定),202,10,2024,NULL,NULL,NULL,200,NULL,NULL,晴,NULL,NULL,2024-11-21 14:59:15,00200m / 天候 : 晴 /  / 発走 : 19:25
202411182020111,オータムカップ,2024-11-18,20:00,16回帯広(ば)6日目 (規定),202,11,2024,NULL,NULL,NULL,200,NULL,NULL,晴,NULL,NULL,2024-11-21 14:59:15,00200m / 天候 : 晴 /  / 発走 : 20:00
202411182020112,A2ー2,2024-11-18,20:35,16回帯広(ば)6日目 1200万円未満 (規定),202,12,2024,NULL,NULL,NULL,200,NULL,NULL,晴,NULL,NULL,2024-11-21 14:59:15,00200m / 天候 : 晴 /  / 発走 : 20:35
202411171030101,2歳未勝利,2024-11-17,09:50,3回福島6日目 2歳未勝利 [指](馬齢),103,1,2024,NULL,NULL,NULL,1150,ダート,右,曇,NULL,良,2024-11-21 14:59:15,ダ右1150m / 天候 : 曇 / ダート : 良 / 発走 : 09:50
202411171030102,3歳以上1勝クラス,2024-11-17,10:15,3回福島6日目 3歳以上1勝クラス 牝[指](定量),103,2,2024,NULL,NULL,NULL,1700,ダート,右,曇,NULL,良,2024-11-21 14:59:15,ダ右1700m / 天候 : 曇 / ダート : 良 / 発走 : 10:15
202411171030103,3歳以上1勝クラス,2024-11-17,10:45,3回福島6日目 3歳以上1勝クラス (混)[指](定量),103,3,2024,NULL,NULL,NULL,1700,ダート,右,晴,NULL,良,2024-11-21 14:59:15,ダ右1700m / 天候 : 晴 / ダート : 良 / 発走 : 10:45
202411171030104,障害3歳以上未勝利,2024-11-17,11:15,3回福島6日目 障害3歳以上未勝利 (定量),103,4,2024,NULL,NULL,NULL,2770,芝,NULL,晴,NULL,良,2024-11-21 14:59:15,障芝2770m / 天候 : 晴 / 芝 : 良 / 発走 : 11:15
202411171030105,2歳新馬,2024-11-17,12:05,3回福島6日目 2歳新馬 [指](馬齢),103,5,2024,NULL,NULL,NULL,1800,芝,右,晴,NULL,良,2024-11-21 14:59:15,芝右1800m / 天候 : 晴 / 芝 : 良 / 発走 : 12:05
202411171030106,2歳未勝利,2024-11-17,12:35,3回福島6日目 2歳未勝利 (混)[指](馬齢),103,6,2024,NULL,NULL,NULL,1200,芝,右,晴,NULL,良,2024-11-21 14:59:15,芝右1200m / 天候 : 晴 / 芝 : 良 / 発走 : 12:35
202411171030107,3歳以上1勝クラス,2024-11-17,13:05,3回福島6日目 3歳以上1勝クラス 見習騎手(定量),103,7,2024,NULL,NULL,NULL,1150,ダート,右,晴,NULL,良,2024-11-21 14:59:15,ダ右1150m / 天候 : 晴 / ダート : 良 / 発走 : 13:05
202411171030108,3歳以上1勝クラス,2024-11-17,13:35,3回福島6日目 3歳以上1勝クラス 牝[指](定量),103,8,2024,NULL,NULL,NULL,2000,芝,右,晴,NULL,良,2024-11-21 14:59:15,芝右2000m / 天候 : 晴 / 芝 : 良 / 発走 : 13:35
202411171030109,磐梯山特別(1勝),2024-11-17,14:05,3回福島6日目 3歳以上1勝クラス [指](定量),103,9,2024,NULL,NULL,NULL,2600,芝,右,晴,NULL,良,2024-11-21 14:59:15,芝右2600m / 天候 : 晴 / 芝 : 良 / 発走 : 14:05
202411171030110,五色沼特別(2勝),2024-11-17,14:40,3回福島6日目 3歳以上2勝クラス 牝(特指)(定量),103,10,2024,NULL,NULL,NULL,1800,芝,右,晴,NULL,良,2024-11-21 14:59:15,芝右1800m / 天候 : 晴 / 芝 : 良 / 発走 : 14:40
202411171030111,福島民友カップ(L),2024-11-17,15:20,3回福島6日目 3歳以上オープン (国際)(特指)(別定),103,11,2024,NULL,NULL,NULL,1700,ダート,右,晴,NULL,良,2024-11-21 14:59:15,ダ右1700m / 天候 : 晴 / ダート : 良 / 発走 : 15:20
202411171030112,3歳以上1勝クラス,2024-11-17,15:55,3回福島6日目 3歳以上1勝クラス [指](定量),103,12,2024,NULL,NULL,NULL,1200,芝,右,晴,NULL,良,2024-11-21 14:59:15,芝右1200m / 天候 : 晴 / 芝 : 良 / 発走 : 15:55
202411171050101,2歳未勝利,2024-11-17,09:55,5回東京6日目 2歳未勝利 (混)[指](馬齢),105,1,2024,NULL,NULL,NULL,1300,ダート,左,晴,NULL,良,2024-11-21 14:59:15,ダ左1300m / 天候 : 晴 / ダート : 良 / 発走 : 09:55
202411171050102,2歳未勝利,2024-11-17,10:25,5回東京6日目 2歳未勝利 牝[指](馬齢),105,2,2024,NULL,NULL,NULL,1800,芝,左,晴,NULL,良,2024-11-21 14:59:15,芝左1800m / 天候 : 晴 / 芝 : 良 / 発走 : 10:25
202411171050103,2歳未勝利,2024-11-17,10:55,5回東京6日目 2歳未勝利 (混)[指](馬齢),105,3,2024,NULL,NULL,NULL,1600,芝,左,晴,NULL,良,2024-11-21 14:59:15,芝左1600m / 天候 : 晴 / 芝 : 良 / 発走 : 10:55
202411171050104,2歳新馬,2024-11-17,11:25,5回東京6日目 2歳新馬 [指](馬齢),105,4,2024,NULL,NULL,NULL,1600,ダート,左,晴,NULL,良,2024-11-21 14:59:15,ダ左1600m / 天候 : 晴 / ダート : 良 / 発走 : 11:25
202411171050105,2歳新馬,2024-11-17,12:15,5回東京6日目 2歳新馬 (混)[指](馬齢),105,5,2024,NULL,NULL,NULL,2000,芝,左,晴,NULL,良,2024-11-21 14:59:15,芝左2000m / 天候 : 晴 / 芝 : 良 / 発走 : 12:15
202411171050106,3歳以上1勝クラス,2024-11-17,12:45,5回東京6日目 3歳以上1勝クラス (混)[指](定量),105,6,2024,NULL,NULL,NULL,2100,ダート,左,晴,NULL,良,2024-11-21 14:59:15,ダ左2100m / 天候 : 晴 / ダート : 良 / 発走 : 12:45
202411171050107,3歳以上1勝クラス,2024-11-17,13:15,5回東京6日目 3歳以上1勝クラス [指](定量),105,7,2024,NULL,NULL,NULL,1300,ダート,左,晴,NULL,良,2024-11-21 14:59:15,ダ左1300m / 天候 : 晴 / ダート : 良 / 発走 : 13:15
202411171050108,赤松賞(1勝),2024-11-17,13:45,5回東京6日目 2歳1勝クラス (混) 牝(特指)(馬齢),105,8,2024,NULL,NULL,NULL,1600,芝,左,晴,NULL,良,2024-11-21 14:59:15,芝左1600m / 天候 : 晴 / 芝 : 良 / 発走 : 13:45
202411171050109,3歳以上2勝クラス,2024-11-17,14:15,5回東京6日目 3歳以上2勝クラス (混)[指](定量),105,9,2024,NULL,NULL,NULL,1600,ダート,左,晴,NULL,良,2024-11-21 14:59:15,ダ左1600m / 天候 : 晴 / ダート : 良 / 発走 : 14:15
202411171050110,秋色ステークス(3勝),2024-11-17,14:50,5回東京6日目 3歳以上3勝クラス (混)[指](ハンデ),105,10,2024,NULL,NULL,NULL,1600,芝,左,晴,NULL,良,2024-11-21 14:59:15,芝左1600m / 天候 : 晴 / 芝 : 良 / 発走 : 14:50
202411171050111,霜月ステークス(OP),2024-11-17,15:30,5回東京6日目 3歳以上オープン (国際)(特指)(別定),105,11,2024,NULL,NULL,NULL,1400,ダート,左,晴,NULL,良,2024-11-21 14:59:15,ダ左1400m / 天候 : 晴 / ダート : 良 / 発走 : 15:30
202411171050112,3歳以上2勝クラス,2024-11-17,16:05,5回東京6日目 3歳以上2勝クラス (混)[指](定量),105,12,2024,NULL,NULL,NULL,1400,芝,左,晴,NULL,良,2024-11-21 14:59:15,芝左1400m / 天候 : 晴 / 芝 : 良 / 発走 : 16:05
202411171080101,2歳未勝利,2024-11-17,10:05,6回京都6日目 2歳未勝利 (混)[指](馬齢),108,1,2024,NULL,NULL,NULL,1200,芝,右,曇,NULL,良,2024-11-21 14:59:15,芝右1200m / 天候 : 曇 / 芝 : 良 / 発走 : 10:05
202411171080102,2歳未勝利,2024-11-17,10:35,6回京都6日目 2歳未勝利 [指](馬齢),108,2,2024,NULL,NULL,NULL,1800,ダート,右,曇,NULL,良,2024-11-21 14:59:15,ダ右1800m / 天候 : 曇 / ダート : 良 / 発走 : 10:35
202411171080103,2歳未勝利,2024-11-17,11:05,6回京都6日目 2歳未勝利 牝[指](馬齢),108,3,2024,NULL,NULL,NULL,1600,芝,右,曇,NULL,良,2024-11-21 14:59:15,芝右1600m / 天候 : 曇 / 芝 : 良 / 発走 : 11:05
202411171080104,2歳新馬,2024-11-17,11:35,6回京都6日目 2歳新馬 (混)[指](馬齢),108,4,2024,NULL,NULL,NULL,1200,ダート,右,曇,NULL,良,2024-11-21 14:59:15,ダ右1200m / 天候 : 曇 / ダート : 良 / 発走 : 11:35
202411171080105,2歳新馬,2024-11-17,12:25,6回京都6日目 2歳新馬 (混)[指](馬齢),108,5,2024,NULL,NULL,NULL,1800,芝,右,曇,NULL,良,2024-11-21 14:59:15,芝右 外1800m / 天候 : 曇 / 芝 : 良 / 発走 : 12:25
202411171080106,3歳以上1勝クラス,2024-11-17,12:55,6回京都6日目 3歳以上1勝クラス 牝[指](定量),108,6,2024,NULL,NULL,NULL,1400,ダート,右,曇,NULL,良,2024-11-21 14:59:15,ダ右1400m / 天候 : 曇 / ダート : 良 / 発走 : 12:55
202411171080107,3歳以上1勝クラス,2024-11-17,13:25,6回京都6日目 3歳以上1勝クラス [指](定量),108,7,2024,NULL,NULL,NULL,1800,ダート,右,曇,NULL,良,2024-11-21 14:59:15,ダ右1800m / 天候 : 曇 / ダート : 良 / 発走 : 13:25
202411171080108,3歳以上2勝クラス,2024-11-17,13:55,6回京都6日目 3歳以上2勝クラス [指](定量),108,8,2024,NULL,NULL,NULL,1200,ダート,右,曇,NULL,良,2024-11-21 14:59:15,ダ右1200m / 天候 : 曇 / ダート : 良 / 発走 : 13:55
202411171080109,比叡ステークス(3勝),2024-11-17,14:25,6回京都6日目 3歳以上3勝クラス (混)[指](ハンデ),108,9,2024,NULL,NULL,NULL,2400,芝,右,曇,NULL,良,2024-11-21 14:59:15,芝右 外2400m / 天候 : 曇 / 芝 : 良 / 発走 : 14:25
202411171080110,グランアレグリアC(3勝),2024-11-17,15:01,6回京都6日目 3歳以上3勝クラス (混)(特指)(定量),108,10,2024,NULL,NULL,NULL,1400,ダート,右,曇,NULL,良,2024-11-21 14:59:15,ダ右1400m / 天候 : 曇 / ダート : 良 / 発走 : 15:01
202411171080111,第41回マイルチャンピオンS(GI),2024-11-17,15:40,6回京都6日目 3歳以上オープン (国際)(指)(定量),108,11,2024,NULL,NULL,NULL,1600,芝,右,曇,NULL,良,2024-11-21 14:59:15,芝右 外1600m / 天候 : 曇 / 芝 : 良 / 発走 : 15:40
202411171080112,壬生特別(2勝),2024-11-17,16:20,6回京都6日目 3歳以上2勝クラス (混)(特指)(定量),108,12,2024,NULL,NULL,NULL,1600,芝,右,曇,NULL,良,2024-11-21 14:59:15,芝右 外1600m / 天候 : 曇 / 芝 : 良 / 発走 : 16:20
202411172040101,C2,2024-11-17,11:50,7回水沢1日目,204,1,2024,NULL,NULL,NULL,850,ダート,右,曇,NULL,良,2024-11-21 14:59:15,ダ右850m / 天候 : 曇 / ダート : 良 / 発走 : 11:50
202411172040102,C2,2024-11-17,12:25,7回水沢1日目,204,2,2024,NULL,NULL,NULL,850,ダート,右,曇,NULL,良,2024-11-21 14:59:15,ダ右850m / 天候 : 曇 / ダート : 良 / 発走 : 12:25
202411172040103,C2九組,2024-11-17,13:00,7回水沢1日目,204,3,2024,NULL,NULL,NULL,1300,ダート,右,曇,NULL,良,2024-11-21 14:59:15,ダ右1300m / 天候 : 曇 / ダート : 良 / 発走 : 13:00
202411172040104,C2八組,2024-11-17,13:35,7回水沢1日目,204,4,2024,NULL,NULL,NULL,1300,ダート,右,曇,NULL,良,2024-11-21 14:59:15,ダ右1300m / 天候 : 曇 / ダート : 良 / 発走 : 13:35
202411172040105,C2七組,2024-11-17,14:10,7回水沢1日目,204,5,2024,NULL,NULL,NULL,1300,ダート,右,曇,NULL,良,2024-11-21 14:59:15,ダ右1300m / 天候 : 曇 / ダート : 良 / 発走 : 14:10
202411172040106,2歳B1,2024-11-17,14:45,7回水沢1日目,204,6,2024,NULL,NULL,NULL,1600,ダート,右,曇,NULL,良,2024-11-21 14:59:15,ダ右1600m / 天候 : 曇 / ダート : 良 / 発走 : 14:45
202411172040107,B2,2024-11-17,15:20,7回水沢1日目,204,7,2024,NULL,NULL,NULL,850,ダート,右,曇,NULL,良,2024-11-21 14:59:15,ダ右850m / 天候 : 曇 / ダート : 良 / 発走 : 15:20
202411172040108,B2,2024-11-17,15:55,7回水沢1日目,204,8,2024,NULL,NULL,NULL,850,ダート,右,曇,NULL,良,2024-11-21 14:59:15,ダ右850m / 天候 : 曇 / ダート : 良 / 発走 : 15:55
202411172040109,B1三組,2024-11-17,16:30,7回水沢1日目,204,9,2024,NULL,NULL,NULL,1600,ダート,右,雨,NULL,良,2024-11-21 14:59:15,ダ右1600m / 天候 : 雨 / ダート : 良 / 発走 : 16:30
202411172040110,松川渓谷賞(B1),2024-11-17,17:00,7回水沢1日目,204,10,2024,NULL,NULL,NULL,1600,ダート,右,雨,NULL,良,2024-11-21 14:59:15,ダ右1600m / 天候 : 雨 / ダート : 良 / 発走 : 17:00
202411172040111,ブリーダーズスタリオ(B1),2024-11-17,17:40,7回水沢1日目,204,11,2024,NULL,NULL,NULL,1600,ダート,右,雨,NULL,良,2024-11-21 14:59:15,ダ右1600m / 天候 : 雨 / ダート : 良 / 発走 : 17:40
202411172040112,第51回南部駒賞(重賞),2024-11-17,18:15,7回水沢1日目 (定量),204,12,2024,NULL,NULL,NULL,1600,ダート,右,雨,NULL,良,2024-11-21 14:59:15,ダ右1600m / 天候 : 雨 / ダート : 良 / 発走 : 18:15
202411172090101,C111　特別編成(C1特別),2024-11-17,11:30,17回金沢3日目 (定量),209,1,2024,NULL,NULL,NULL,1400,ダート,右,曇,NULL,良,2024-11-21 14:59:15,ダ右1400m / 天候 : 曇 / ダート : 良 / 発走 : 11:30
202411172090102,まだ羽は澄みきらず、(C1特別),2024-11-17,12:05,17回金沢3日目 (定量),209,2,2024,NULL,NULL,NULL,1500,ダート,右,曇,NULL,良,2024-11-21 14:59:15,ダ右1500m / 天候 : 曇 / ダート : 良 / 発走 : 12:05
202411172090103,ちひろ☆27歳おめで(C1特別),2024-11-17,12:40,17回金沢3日目 (定量),209,3,2024,NULL,NULL,NULL,1400,ダート,右,曇,NULL,稍重,2024-11-21 14:59:15,ダ右1400m / 天候 : 曇 / ダート : 稍重 / 発走 : 12:40
202411172090104,楽天競馬ならポイント(C1特別),2024-11-17,13:15,17回金沢3日目 (定量),209,4,2024,NULL,NULL,NULL,1500,ダート,右,曇,NULL,稍重,2024-11-21 14:59:15,ダ右1500m / 天候 : 曇 / ダート : 稍重 / 発走 : 13:15
202411172090105,夢は次期女王!芽々守(2歳),2024-11-17,13:50,17回金沢3日目 (定量),209,5,2024,NULL,NULL,NULL,1400,ダート,右,雨,NULL,稍重,2024-11-21 14:59:15,ダ右1400m / 天候 : 雨 / ダート : 稍重 / 発走 : 13:50
202411172090106,☆カレンくん誕生日記(2歳),2024-11-17,14:30,17回金沢3日目 (定量),209,6,2024,NULL,NULL,NULL,1400,ダート,右,雨,NULL,稍重,2024-11-21 14:59:15,ダ右1400m / 天候 : 雨 / ダート : 稍重 / 発走 : 14:30
202411172090107,石川モーニングCru(2歳),2024-11-17,15:05,17回金沢3日目 (定量),209,7,2024,NULL,NULL,NULL,1400,ダート,右,雨,NULL,稍重,2024-11-21 14:59:15,ダ右1400m / 天候 : 雨 / ダート : 稍重 / 発走 : 15:05
202411172090108,VEEうたのおにいさ(B2),2024-11-17,16:10,17回金沢3日目 (定量),209,8,2024,NULL,NULL,NULL,1500,ダート,右,雨,NULL,稍重,2024-11-21 14:59:15,ダ右1500m / 天候 : 雨 / ダート : 稍重 / 発走 : 16:10
202411172090109,走ってうきうき!浮々(B2),2024-11-17,16:50,17回金沢3日目 (定量),209,9,2024,NULL,NULL,NULL,1400,ダート,右,雨,NULL,稍重,2024-11-21 14:59:15,ダ右1400m / 天候 : 雨 / ダート : 稍重 / 発走 : 16:50
202411172090110,能登半島地震復興応援(B2),2024-11-17,17:30,17回金沢3日目 (定量),209,10,2024,NULL,NULL,NULL,1500,ダート,右,雨,NULL,重,2024-11-21 14:59:15,ダ右1500m / 天候 : 雨 / ダート : 重 / 発走 : 17:30
202411172090111,第6回徽軫賞(重賞),2024-11-17,18:05,17回金沢3日目 (別定),209,11,2024,NULL,NULL,NULL,1400,ダート,右,雨,NULL,重,2024-11-21 14:59:15,ダ右1400m / 天候 : 雨 / ダート : 重 / 発走 : 18:05
202411172140101,2歳ー5,2024-11-17,14:55,10回高知6日目 (馬齢),214,1,2024,NULL,NULL,NULL,1300,ダート,右,晴,NULL,重,2024-11-21 14:59:15,ダ右1300m / 天候 : 晴 / ダート : 重 / 発走 : 14:55
202411172140102,2歳ー4,2024-11-17,15:25,10回高知6日目 (馬齢),214,2,2024,NULL,NULL,NULL,1300,ダート,右,晴,NULL,重,2024-11-21 14:59:15,ダ右1300m / 天候 : 晴 / ダート : 重 / 発走 : 15:25
202411172140103,2歳ー3,2024-11-17,16:00,10回高知6日目 (馬齢),214,3,2024,NULL,NULL,NULL,1300,ダート,右,晴,NULL,重,2024-11-21 14:59:15,ダ右1300m / 天候 : 晴 / ダート : 重 / 発走 : 16:00
202411172140104,C3ー2,2024-11-17,16:35,10回高知6日目 (見込),214,4,2024,NULL,NULL,NULL,1400,ダート,右,晴,NULL,重,2024-11-21 14:59:15,ダ右1400m / 天候 : 晴 / ダート : 重 / 発走 : 16:35
202411172140105,C1ー6,2024-11-17,17:05,10回高知6日目 (見込),214,5,2024,NULL,NULL,NULL,1600,ダート,右,晴,NULL,重,2024-11-21 14:59:15,ダ右1600m / 天候 : 晴 / ダート : 重 / 発走 : 17:05
202411172140106,鳥取食パラダイス畜産(C1),2024-11-17,17:35,10回高知6日目 (見込),214,6,2024,NULL,NULL,NULL,1600,ダート,右,晴,NULL,重,2024-11-21 14:59:15,ダ右1600m / 天候 : 晴 / ダート : 重 / 発走 : 17:35
202411172140107,C1ー4,2024-11-17,18:10,10回高知6日目 (見込),214,7,2024,NULL,NULL,NULL,1600,ダート,右,晴,NULL,重,2024-11-21 14:59:15,ダ右1600m / 天候 : 晴 / ダート : 重 / 発走 : 18:10
202411172140108,池口寿文お祝い祭特別(C1),2024-11-17,18:40,10回高知6日目 (見込),214,8,2024,NULL,NULL,NULL,1600,ダート,右,晴,NULL,重,2024-11-21 14:59:15,ダ右1600m / 天候 : 晴 / ダート : 重 / 発走 : 18:40
202411172140109,第6回濱尚美応援特別(C1),2024-11-17,19:15,10回高知6日目 (見込),214,9,2024,NULL,NULL,NULL,1600,ダート,右,晴,NULL,重,2024-11-21 14:59:15,ダ右1600m / 天候 : 晴 / ダート : 重 / 発走 : 19:15
202411172140110,ポインセチア特別(C3),2024-11-17,19:45,10回高知6日目 (見込),214,10,2024,NULL,NULL,NULL,1400,ダート,右,晴,NULL,重,2024-11-21 14:59:15,ダ右1400m / 天候 : 晴 / ダート : 重 / 発走 : 19:45
202411172140111,UFOライン特別(C1),2024-11-17,20:20,10回高知6日目 (見込),214,11,2024,NULL,NULL,NULL,1600,ダート,右,晴,NULL,重,2024-11-21 14:59:15,ダ右1600m / 天候 : 晴 / ダート : 重 / 発走 : 20:20
202411172140112,ファイナルレース(C1),2024-11-17,20:50,10回高知6日目 (見込),214,12,2024,NULL,NULL,NULL,1600,ダート,右,晴,NULL,重,2024-11-21 14:59:15,ダ右1600m / 天候 : 晴 / ダート : 重 / 発走 : 20:50
202411172150101,C2ー21組,2024-11-17,15:50,15回佐賀2日目 (馬齢),215,1,2024,NULL,NULL,NULL,1300,ダート,右,曇,NULL,良,2024-11-21 14:59:15,ダ右1300m / 天候 : 曇 / ダート : 良 / 発走 : 15:50
202411172150102,C2ー20組,2024-11-17,16:25,15回佐賀2日目 (馬齢),215,2,2024,NULL,NULL,NULL,1300,ダート,右,曇,NULL,良,2024-11-21 14:59:15,ダ右1300m / 天候 : 曇 / ダート : 良 / 発走 : 16:25
202411172150103,C2ー19組,2024-11-17,16:55,15回佐賀2日目 (馬齢),215,3,2024,NULL,NULL,NULL,1400,ダート,右,曇,NULL,良,2024-11-21 14:59:15,ダ右1400m / 天候 : 曇 / ダート : 良 / 発走 : 16:55
202411172150104,ありがとう!赤い羽根(C2),2024-11-17,17:25,15回佐賀2日目 (馬齢),215,4,2024,NULL,NULL,NULL,1400,ダート,右,曇,NULL,良,2024-11-21 14:59:15,ダ右1400m / 天候 : 曇 / ダート : 良 / 発走 : 17:25
202411172150105,C2ー17組,2024-11-17,18:00,15回佐賀2日目 (馬齢),215,5,2024,NULL,NULL,NULL,1400,ダート,右,曇,NULL,良,2024-11-21 14:59:15,ダ右1400m / 天候 : 曇 / ダート : 良 / 発走 : 18:00
202411172150106,C1ー6組,2024-11-17,18:30,15回佐賀2日目 (馬齢),215,6,2024,NULL,NULL,NULL,1400,ダート,右,曇,NULL,良,2024-11-21 14:59:15,ダ右1400m / 天候 : 曇 / ダート : 良 / 発走 : 18:30
202411172150107,神帰月賞(C1),2024-11-17,19:05,15回佐賀2日目 (馬齢),215,7,2024,NULL,NULL,NULL,1300,ダート,右,小雨,NULL,良,2024-11-21 14:59:15,ダ右1300m / 天候 : 小雨 / ダート : 良 / 発走 : 19:05
202411172150108,KYUSHUDREA(B),2024-11-17,19:35,15回佐賀2日目 (馬齢),215,8,2024,NULL,NULL,NULL,1300,ダート,右,小雨,NULL,良,2024-11-21 14:59:15,ダ右1300m / 天候 : 小雨 / ダート : 良 / 発走 : 19:35
202411172150109,ベテルギウス特別(2歳),2024-11-17,20:10,15回佐賀2日目 (別定),215,9,2024,NULL,NULL,NULL,1750,ダート,右,小雨,NULL,良,2024-11-21 14:59:15,ダ右1750m / 天候 : 小雨 / ダート : 良 / 発走 : 20:10
202411172150110,SAGAリベンジャー(C2),2024-11-17,20:40,15回佐賀2日目 (馬齢),215,10,2024,NULL,NULL,NULL,1400,ダート,右,小雨,NULL,良,2024-11-21 14:59:15,ダ右1400m / 天候 : 小雨 / ダート : 良 / 発走 : 20:40
202411172020101,桂子と彰の還暦祝い杯,2024-11-17,14:35,16回帯広(ば)5日目 140万円未満 (規定),202,1,2024,NULL,NULL,NULL,200,NULL,NULL,曇,NULL,NULL,2024-11-21 14:59:15,00200m / 天候 : 曇 /  / 発走 : 14:35
202411172020102,カリスマ横田純一記念(2歳),2024-11-17,15:10,16回帯広(ば)5日目 (規定),202,2,2024,NULL,NULL,NULL,200,NULL,NULL,曇,NULL,NULL,2024-11-21 14:59:15,00200m / 天候 : 曇 /  / 発走 : 15:10
202411172020103,拳斗帯広初上陸カップ(2歳),2024-11-17,15:45,16回帯広(ば)5日目 (規定),202,3,2024,NULL,NULL,NULL,200,NULL,NULL,曇,NULL,NULL,2024-11-21 14:59:15,00200m / 天候 : 曇 /  / 発走 : 15:45
202411172020104,祝!佳奈29歳と1週,2024-11-17,16:15,16回帯広(ば)5日目 240万円未満 (規定),202,4,2024,NULL,NULL,NULL,200,NULL,NULL,曇,NULL,NULL,2024-11-21 14:59:15,00200m / 天候 : 曇 /  / 発走 : 16:15
202411172020105,第2回すべての馬に幸,2024-11-17,16:45,16回帯広(ば)5日目 330万円未満 (規定),202,5,2024,NULL,NULL,NULL,200,NULL,NULL,曇,NULL,NULL,2024-11-21 14:59:15,00200m / 天候 : 曇 /  / 発走 : 16:45
202411172020106,アークル友の会記念杯,2024-11-17,17:15,16回帯広(ば)5日目 330万円未満 (規定),202,6,2024,NULL,NULL,NULL,200,NULL,NULL,曇,NULL,NULL,2024-11-21 14:59:15,00200m / 天候 : 曇 /  / 発走 : 17:15
202411172020107,第7回MASAYUK,2024-11-17,17:50,16回帯広(ば)5日目 450万円未満 (規定),202,7,2024,NULL,NULL,NULL,200,NULL,NULL,曇,NULL,NULL,2024-11-21 14:59:15,00200m / 天候 : 曇 /  / 発走 : 17:50
202411172020108,ケイセイ100周年杯(2歳),2024-11-17,18:20,16回帯広(ば)5日目 (規定),202,8,2024,NULL,NULL,NULL,200,NULL,NULL,曇,NULL,NULL,2024-11-21 14:59:15,00200m / 天候 : 曇 /  / 発走 : 18:20
202411172020109,かおり誕生日おめでと,2024-11-17,18:55,16回帯広(ば)5日目 570万円未満 (規定),202,9,2024,NULL,NULL,NULL,200,NULL,NULL,曇,NULL,NULL,2024-11-21 14:59:15,00200m / 天候 : 曇 /  / 発走 : 18:55
202411172020110,第31回北央産駒特別(2歳),2024-11-17,19:25,16回帯広(ば)5日目 (規定),202,10,2024,NULL,NULL,NULL,200,NULL,NULL,曇,NULL,NULL,2024-11-21 14:59:15,00200m / 天候 : 曇 /  / 発走 : 19:25
202411172020111,北海道競馬記者クラブ,2024-11-17,20:00,16回帯広(ば)5日目 900万円未満 (規定),202,11,2024,NULL,NULL,NULL,200,NULL,NULL,曇,NULL,NULL,2024-11-21 14:59:15,00200m / 天候 : 曇 /  / 発走 : 20:00
202411172020112,B3ー1,2024-11-17,20:30,16回帯広(ば)5日目 450万円未満 (規定),202,12,2024,NULL,NULL,NULL,200,NULL,NULL,曇,NULL,NULL,2024-11-21 14:59:15,00200m / 天候 : 曇 /  / 発走 : 20:30
202411161030101,3歳以上1勝クラス,2024-11-16,09:50,3回福島5日目 3歳以上1勝クラス (混)(定量),103,1,2024,NULL,NULL,NULL,1150,ダート,右,晴,NULL,良,2024-11-21 14:59:15,ダ右1150m / 天候 : 晴 / ダート : 良 / 発走 : 09:50
202411161030102,2歳未勝利,2024-11-16,10:15,3回福島5日目 2歳未勝利 牝(馬齢),103,2,2024,NULL,NULL,NULL,1700,ダート,右,晴,NULL,良,2024-11-21 14:59:15,ダ右1700m / 天候 : 晴 / ダート : 良 / 発走 : 10:15
202411161030103,2歳未勝利,2024-11-16,10:45,3回福島5日目 2歳未勝利 (混)(馬齢),103,3,2024,NULL,NULL,NULL,1700,ダート,右,晴,NULL,良,2024-11-21 14:59:15,ダ右1700m / 天候 : 晴 / ダート : 良 / 発走 : 10:45
202411161030104,障害3歳以上未勝利,2024-11-16,11:15,3回福島5日目 障害3歳以上未勝利 (混)(定量),103,4,2024,NULL,NULL,NULL,2770,芝,NULL,晴,NULL,良,2024-11-21 14:59:15,障芝2770m / 天候 : 晴 / 芝 : 良 / 発走 : 11:15
202411161030105,障害3歳以上オープン,2024-11-16,12:05,3回福島5日目 障害3歳以上オープン (混)(別定),103,5,2024,NULL,NULL,NULL,3380,芝,NULL,晴,NULL,良,2024-11-21 14:59:15,障芝3380m / 天候 : 晴 / 芝 : 良 / 発走 : 12:05
202411161030106,3歳以上1勝クラス,2024-11-16,12:40,3回福島5日目 3歳以上1勝クラス 見習騎手(定量),103,6,2024,NULL,NULL,NULL,1700,ダート,右,晴,NULL,良,2024-11-21 14:59:15,ダ右1700m / 天候 : 晴 / ダート : 良 / 発走 : 12:40
202411161030107,2歳未勝利,2024-11-16,13:10,3回福島5日目 2歳未勝利 (馬齢),103,7,2024,NULL,NULL,NULL,1800,芝,右,晴,NULL,良,2024-11-21 14:59:15,芝右1800m / 天候 : 晴 / 芝 : 良 / 発走 : 13:10
202411161030108,3歳以上1勝クラス,2024-11-16,13:40,3回福島5日目 3歳以上1勝クラス (定量),103,8,2024,NULL,NULL,NULL,1200,芝,右,晴,NULL,良,2024-11-21 14:59:15,芝右1200m / 天候 : 晴 / 芝 : 良 / 発走 : 13:40
202411161030109,高湯温泉特別(1勝),2024-11-16,14:10,3回福島5日目 3歳以上1勝クラス (混)(定量),103,9,2024,NULL,NULL,NULL,1800,芝,右,曇,NULL,良,2024-11-21 14:59:15,芝右1800m / 天候 : 曇 / 芝 : 良 / 発走 : 14:10
202411161030110,西郷特別(2勝),2024-11-16,14:45,3回福島5日目 3歳以上2勝クラス (混)(定量),103,10,2024,NULL,NULL,NULL,1150,ダート,右,曇,NULL,良,2024-11-21 14:59:15,ダ右1150m / 天候 : 曇 / ダート : 良 / 発走 : 14:45
202411161030111,キビタキステークス(3勝),2024-11-16,15:20,3回福島5日目 3歳以上3勝クラス (混)(ハンデ),103,11,2024,NULL,NULL,NULL,1200,芝,右,曇,NULL,良,2024-11-21 14:59:15,芝右1200m / 天候 : 曇 / 芝 : 良 / 発走 : 15:20
202411161030112,3歳以上1勝クラス,2024-11-16,15:55,3回福島5日目 3歳以上1勝クラス (定量),103,12,2024,NULL,NULL,NULL,2000,芝,右,曇,NULL,良,2024-11-21 14:59:15,芝右2000m / 天候 : 曇 / 芝 : 良 / 発走 : 15:55
202411161050101,2歳未勝利,2024-11-16,09:55,5回東京5日目 2歳未勝利 [指](馬齢),105,1,2024,NULL,NULL,NULL,1600,ダート,左,曇,NULL,良,2024-11-21 14:59:15,ダ左1600m / 天候 : 曇 / ダート : 良 / 発走 : 09:55
202411161050102,2歳未勝利,2024-11-16,10:25,5回東京5日目 2歳未勝利 (混)[指](馬齢),105,2,2024,NULL,NULL,NULL,2000,芝,左,曇,NULL,良,2024-11-21 14:59:15,芝左2000m / 天候 : 曇 / 芝 : 良 / 発走 : 10:25
202411161050103,2歳未勝利,2024-11-16,10:55,5回東京5日目 2歳未勝利 [指](馬齢),105,3,2024,NULL,NULL,NULL,1600,ダート,左,曇,NULL,良,2024-11-21 14:59:15,ダ左1600m / 天候 : 曇 / ダート : 良 / 発走 : 10:55
202411161050104,2歳新馬,2024-11-16,11:25,5回東京5日目 2歳新馬 [指](馬齢),105,4,2024,NULL,NULL,NULL,1400,芝,左,曇,NULL,良,2024-11-21 14:59:15,芝左1400m / 天候 : 曇 / 芝 : 良 / 発走 : 11:25
202411161050105,2歳新馬,2024-11-16,12:15,5回東京5日目 2歳新馬 牝[指](馬齢),105,5,2024,NULL,NULL,NULL,1600,芝,左,曇,NULL,良,2024-11-21 14:59:15,芝左1600m / 天候 : 曇 / 芝 : 良 / 発走 : 12:15
202411161050106,2歳1勝クラス,2024-11-16,12:50,5回東京5日目 2歳1勝クラス (混)(特指)(馬齢),105,6,2024,NULL,NULL,NULL,1400,芝,左,曇,NULL,良,2024-11-21 14:59:15,芝左1400m / 天候 : 曇 / 芝 : 良 / 発走 : 12:50
202411161050107,3歳以上1勝クラス,2024-11-16,13:20,5回東京5日目 3歳以上1勝クラス [指](定量),105,7,2024,NULL,NULL,NULL,1600,ダート,左,曇,NULL,良,2024-11-21 14:59:15,ダ左1600m / 天候 : 曇 / ダート : 良 / 発走 : 13:20
202411161050108,3歳以上2勝クラス,2024-11-16,13:50,5回東京5日目 3歳以上2勝クラス (混)[指](定量),105,8,2024,NULL,NULL,NULL,1400,ダート,左,曇,NULL,良,2024-11-21 14:59:15,ダ左1400m / 天候 : 曇 / ダート : 良 / 発走 : 13:50
202411161050109,南武特別(2勝),2024-11-16,14:31,5回東京5日目 3歳以上2勝クラス (混)(特指)(定量),105,9,2024,NULL,NULL,NULL,2400,芝,左,曇,NULL,良,2024-11-21 14:59:15,芝左2400m / 天候 : 曇 / 芝 : 良 / 発走 : 14:31
202411161050110,晩秋ステークス(3勝),2024-11-16,14:55,5回東京5日目 3歳以上3勝クラス (混)(特指)(定量),105,10,2024,NULL,NULL,NULL,2100,ダート,左,曇,NULL,良,2024-11-21 14:59:15,ダ左2100m / 天候 : 曇 / ダート : 良 / 発走 : 14:55
202411161050111,第29回東京スポーツ杯2歳S(GII),2024-11-16,15:30,5回東京5日目 2歳オープン (国際)(指)(馬齢),105,11,2024,NULL,NULL,NULL,1800,芝,左,曇,NULL,良,2024-11-21 14:59:15,芝左1800m / 天候 : 曇 / 芝 : 良 / 発走 : 15:30
202411161050112,3歳以上1勝クラス,2024-11-16,16:05,5回東京5日目 3歳以上1勝クラス (混)[指](定量),105,12,2024,NULL,NULL,NULL,1600,芝,左,曇,NULL,良,2024-11-21 14:59:15,芝左1600m / 天候 : 曇 / 芝 : 良 / 発走 : 16:05
202411161080101,2歳未勝利,2024-11-16,10:05,6回京都5日目 2歳未勝利 [指](馬齢),108,1,2024,NULL,NULL,NULL,1200,ダート,右,曇,NULL,良,2024-11-21 14:59:15,ダ右1200m / 天候 : 曇 / ダート : 良 / 発走 : 10:05
202411161080102,2歳未勝利,2024-11-16,10:35,6回京都5日目 2歳未勝利 [指](馬齢),108,2,2024,NULL,NULL,NULL,1800,ダート,右,曇,NULL,良,2024-11-21 14:59:15,ダ右1800m / 天候 : 曇 / ダート : 良 / 発走 : 10:35
202411161080103,2歳未勝利,2024-11-16,11:05,6回京都5日目 2歳未勝利 (混)[指](馬齢),108,3,2024,NULL,NULL,NULL,1400,ダート,右,曇,NULL,良,2024-11-21 14:59:15,ダ右1400m / 天候 : 曇 / ダート : 良 / 発走 : 11:05
202411161080104,2歳未勝利,2024-11-16,11:35,6回京都5日目 2歳未勝利 [指](馬齢),108,4,2024,NULL,NULL,NULL,1800,芝,右,曇,NULL,良,2024-11-21 14:59:15,芝右 外1800m / 天候 : 曇 / 芝 : 良 / 発走 : 11:35
202411161080105,2歳新馬,2024-11-16,12:25,6回京都5日目 2歳新馬 (混)[指](馬齢),108,5,2024,NULL,NULL,NULL,1400,芝,右,曇,NULL,良,2024-11-21 14:59:15,芝右1400m / 天候 : 曇 / 芝 : 良 / 発走 : 12:25
202411161080106,2歳新馬,2024-11-16,13:00,6回京都5日目 2歳新馬 [指](馬齢),108,6,2024,NULL,NULL,NULL,1800,ダート,右,小雨,NULL,良,2024-11-21 14:59:15,ダ右1800m / 天候 : 小雨 / ダート : 良 / 発走 : 13:00
202411161080107,3歳以上1勝クラス,2024-11-16,13:30,6回京都5日目 3歳以上1勝クラス (混)[指](定量),108,7,2024,NULL,NULL,NULL,1400,ダート,右,小雨,NULL,良,2024-11-21 14:59:15,ダ右1400m / 天候 : 小雨 / ダート : 良 / 発走 : 13:30
202411161080108,3歳以上2勝クラス,2024-11-16,14:01,6回京都5日目 3歳以上2勝クラス 牝[指](定量),108,8,2024,NULL,NULL,NULL,1800,ダート,右,小雨,NULL,良,2024-11-21 14:59:15,ダ右1800m / 天候 : 小雨 / ダート : 良 / 発走 : 14:01
202411161080109,秋明菊賞(1勝),2024-11-16,14:35,6回京都5日目 2歳1勝クラス (混)(特指)(馬齢),108,9,2024,NULL,NULL,NULL,1400,芝,右,小雨,NULL,良,2024-11-21 14:59:15,芝右 外1400m / 天候 : 小雨 / 芝 : 良 / 発走 : 14:35
202411161080110,近江特別(2勝),2024-11-16,15:10,6回京都5日目 3歳以上2勝クラス (混)[指](定量),108,10,2024,NULL,NULL,NULL,1900,ダート,右,小雨,NULL,良,2024-11-21 14:59:15,ダ右1900m / 天候 : 小雨 / ダート : 良 / 発走 : 15:10
202411161080111,アンドロメダS(L),2024-11-16,15:45,6回京都5日目 3歳以上オープン (国際)(特指)(ハンデ),108,11,2024,NULL,NULL,NULL,2000,芝,右,曇,NULL,良,2024-11-21 14:59:15,芝右2000m / 天候 : 曇 / 芝 : 良 / 発走 : 15:45
202411161080112,3歳以上2勝クラス,2024-11-16,16:20,6回京都5日目 3歳以上2勝クラス (混)[指](定量),108,12,2024,NULL,NULL,NULL,2000,芝,右,曇,NULL,良,2024-11-21 14:59:15,芝右2000m / 天候 : 曇 / 芝 : 良 / 発走 : 16:20
202411162140101,颯眞4歳記念特別(C3),2024-11-16,15:00,10回高知5日目 (見込),214,1,2024,NULL,NULL,NULL,1400,ダート,右,曇,NULL,重,2024-11-21 14:59:15,ダ右1400m / 天候 : 曇 / ダート : 重 / 発走 : 15:00
202411162140102,C3ー4,2024-11-16,15:35,10回高知5日目 (見込),214,2,2024,NULL,NULL,NULL,1400,ダート,右,曇,NULL,重,2024-11-21 14:59:15,ダ右1400m / 天候 : 曇 / ダート : 重 / 発走 : 15:35
202411162140103,C3ー3,2024-11-16,16:10,10回高知5日目 (見込),214,3,2024,NULL,NULL,NULL,1400,ダート,右,曇,NULL,重,2024-11-21 14:59:15,ダ右1400m / 天候 : 曇 / ダート : 重 / 発走 : 16:10
